
DELETE FROM BD101_EMPRUNTS;
DELETE FROM BD101_EXEMPLAIRES;
DELETE FROM BD101_LIVRES;
DELETE FROM BD101_AUTEURS;
DELETE FROM BD101_PERSONNES;

-- --------------------------------------------------------
--
-- Contenu de la table 'BD101_PERSONNES'
--

INSERT INTO BD101_PERSONNES (IdPersonne, Nom, Prenom) VALUES
(1, 'Tremblay', 'Charles'),
(2, 'Roy', 'Jules'),
(3, 'Gauthier', 'Christina'),
(4, 'Bélanger', 'Elsa'),
(5, 'Leblanc', 'Henri'),
(6, 'Girard', 'Christophe'),
(7, 'Caron', 'Mélissa'),
(8, 'Cloutier', 'Nathalie'),
(9, 'Bernier', 'Jérémy'),
(10, 'Fournier', 'Alexis'),
(11, 'Martel', 'Céline'),
(12, 'Lessard', 'Patrick');

-- --------------------------------------------------------
--
-- Contenu de la table 'BD101_AUTEURS'
--

INSERT INTO BD101_AUTEURS (IdAuteur, Nom, Prenom) VALUES
(1, 'Le Clézio', 'JMG'),
(2, 'Glissant', 'Edouard'),
(3, 'Belletto', 'René'),
(4, 'Toussaint', 'Jean-Philippe'),
(5, 'Michon', 'Pierre'),
(6, 'Quignard', 'Pascal'),
(7, 'Gallay', 'Claudie'),
(8, 'Carrère', 'Emmanuel');




-- --------------------------------------------------------
--
-- Contenu de la table 'BD101_LIVRES'
--

INSERT INTO BD101_LIVRES (IdLivre, Titre, Annee, IdAuteur) VALUES
(39, 'Désert', '1980', 1),
(12, 'La Case du commandeur', '1981', 2),
(15, 'Sur la terre comme au ciel', '1982', 3),
(21, 'La salle de bain', '1985', 4),
(41, 'Rimbaud le fils', '1991', 5),
(22, 'Les Ombres errantes', '2002', 6),
(6, 'Requiem', '2006', 6),
(23, 'Les Solidarités mystérieuses', '2011', 6),
(13, 'Les Déferlantes', '2008', 7),
(35, 'L''Office des vivants', '2001', 7),
(10, 'L''Adversaire', '2000', 8),
(18, 'Un roman russe', '2007', 8),
(20, 'L''Amie du jaguar', '1983', 8),
(5, 'La classe de neige', '1995', 8);

-- --------------------------------------------------------
--
-- Contenu de la table 'BD101_EXEMPLAIRES'
--
INSERT INTO BD101_EXEMPLAIRES (IdLivre, IdExemplaire, Etat) VALUES
(39, 1, 'Bon'),
(39, 2, 'Bon'),
(39, 3, 'Bon'),
(39, 4, 'Déchiré'),
(39, 5, 'Bon'),
(35, 1, 'Bon'),
(35, 2, 'Bon'),
(35, 3, 'Déchiré'),
(35, 4, 'Déchiré'),
(22, 1, 'Bon'),
(22, 2, 'Bon'),
(22, 3, 'Bon'),
(22, 4, 'Déchiré'),
(22, 5, 'Déchiré'),
(22, 6, 'Bon'),
(12, 1, 'Bon'),
(12, 2, 'Déchiré'),
(15, 1, 'Bon'),
(15, 2, 'Bon'),
(15, 3, 'Déchiré'),
(13, 1, 'Déchiré'),
(13, 2, 'Bon'),
(13, 3, 'Bon'),
(13, 4, 'Bon'),
(13, 5, 'Déchiré'),
(21, 1, 'Déchiré'),
(21, 2, 'Bon'),
(21, 3, 'Bon'),
(21, 4, 'Déchiré'),
(21, 5, 'Bon'),
(21, 6, 'Bon'),
(41, 1, 'Déchiré'),
(41, 2, 'Déchiré'),
(41, 3, 'Bon'),
(41, 4, 'Déchiré'),
(41, 5, 'Bon'),
(41, 6, 'Bon'),
(41, 7, 'Déchiré'),
(41, 8, 'Bon'),
(6, 1, 'Bon'),
(6, 2, 'Bon'),
(6, 3, 'Bon'),
(6, 4, 'Déchiré'),
(6, 5, 'Bon'),
(23, 1, 'Bon'),
(23, 2, 'Bon'),
(23, 3, 'Déchiré'),
(23, 4, 'Déchiré'),
(10, 1, 'Bon'),
(10, 2, 'Bon'),
(10, 3, 'Bon'),
(10, 4, 'Déchiré'),
(10, 5, 'Déchiré'),
(10, 6, 'Bon'),
(18, 1, 'Bon'),
(18, 2, 'Déchiré'),
(20, 1, 'Bon'),
(20, 2, 'Bon'),
(20, 3, 'Déchiré'),
(5, 1, 'Déchiré'),
(5, 2, 'Bon'),
(5, 3, 'Bon'),
(5, 4, 'Bon'),
(5, 5, 'Déchiré');


-- --------------------------------------------------------
--
-- Contenu de la table 'BD101_EMPRUNTS'
--

INSERT INTO BD101_EMPRUNTS (IdPersonne, IdLivre, IdExemplaire, DateEmprunt, DateRetour) VALUES
(1, 39, 1, '2007-01-10', '2007-01-20'),
(1, 15, 2, '2001-04-04', '2001-04-19'),
(1, 6, 2, '1985-02-03', '1985-02-25'),
(2, 41, 5, '2001-04-04', '2001-04-19'),
(2, 15, 3, '2010-12-10', '2010-12-20'),
(2, 39, 2, '1990-01-02', '1990-01-22'),
(2, 10, 2, '2003-05-03', '2003-05-15'),
(3, 23, 1, '2003-05-03', '2003-05-15'),
(3, 35, 1, '2012-07-19', NULL),
(3, 22, 2, '2003-05-03', '2003-05-15'),
(3, 41, 8, '2009-03-15', '2009-03-28'),
(4, 22, 5, '1996-05-03', '1996-05-15'),
(4, 39, 1, '2013-02-09', '2013-02-27'),
(4, 12, 1, '2009-03-15', '2009-03-28'),
(4, 18, 1, '1992-03-12', '1992-03-29'),
(5, 20, 2, '2009-03-15', '2009-03-28'),
(5, 41, 6, '2012-06-05', '2012-06-30'),
(5, 13, 2, '2014-05-16', '2014-05-30'),
(6, 35, 4, '1996-05-03', '1996-05-10'),
(6, 21, 3, '1996-05-03', '1996-05-10'),
(6, 22, 1, '2014-05-16', '2014-05-30'),
(6, 5, 1, '2014-05-16', '2014-05-30'),
(7, 6, 5, '2008-02-21', '2008-03-20'),
(7, 13, 5, '2009-04-15', '2009-04-30'),
(7, 41, 7, '1996-05-03', '1996-05-15'),
(7, 39, 3, '1992-04-02', '1996-04-22'),
(7, 15, 2, '2013-02-09', '2013-02-27'),
(8, 41, 8, '2013-02-09', '2013-02-27'),
(8, 22, 4, '2012-06-05', '2012-06-30'),
(9, 15, 2, '2015-11-20', NULL),
(9, 13, 1, '2009-03-15', '2009-03-28'),
(9, 35, 2, '2015-04-25', '2015-05-10'),
(9, 41, 5, '2013-02-09', '2013-02-27'),
(9, 23, 4, '2012-07-19', '2012-07-29'),
(10, 6, 2, '2015-11-10', NULL),
(10, 39, 2, '2000-07-20', '2000-08-06'),
(10, 21, 1, '2001-04-04', '2001-04-19'),
(10, 41, 3, '2014-09-10', '2014-10-01'),
(11, 39, 5, '2000-07-20', '2000-08-06'),
(11, 5, 5, '2000-07-20', '2000-08-06'),
(12, 10, 5, '2010-12-10', '2010-12-20'),
(12, 22, 5, '2014-05-16', '2014-05-30'),
(12, 21, 1, '2007-01-10', '2007-01-20'),
(12, 35, 3, '2012-06-05', '2012-06-30'),
(12, 15, 1, '2012-06-05', '2012-06-30');











